cafe_id,kakao_name,naver_name,address,latitude,longitude,study_sentiment_score,rating_score,distance_score,raw_final_score,review_confidence,adjusted_final_score,recommend_label,grade,rating,review_count,business_hours,straight_distance_m,study_mention_count,kakao_place_url,naver_map_url,가격대_score,공부 적합성_score,영업시간_score,조용함_score,좌석_score,체류 적합성_score,콘센트_score,혼잡도_score,와이파이_score
C001,커스텀커피 역북점,커스텀커피 역북점,경기 용인시 처인구 명지로16번길 9-11,37.23344454359378,127.18713223273777,100.0,95.8,100,99.58,1.0,99.58,1,카공 성지,4.79,933.0,08:40 ~ 23:00,86,3,http://place.map.kakao.com/507340095,https://map.naver.com/p/entry/place/1764797627,50.0,50.0,100.0,100.0,50.0,50.0,50.0,50.0,50.0
C023,보드빌,보드빌,경기 용인시 처인구 명지로40번길 4,37.2327095511323,127.1881051761,100.0,91.4,100,99.14,1.0,99.14,1,카공 성지,4.57,147.0,12:30 ~ 23:00,197,7,http://place.map.kakao.com/1779184799,https://map.naver.com/p/entry/place/1729064919,100.0,50.0,50.0,50.0,100.0,100.0,50.0,50.0,50.0
C027,드롭탑 용인역북점,드롭탑 용인역북점,경기 용인시 처인구 중부대로 1294,37.2357104629202,127.1884011271787,100.0,83.0,100,98.3,1.0,98.3,1,카공 성지,4.15,413.0,09:30 ~ 22:00,214,1,http://place.map.kakao.com/1336715068,https://map.naver.com/p/entry/place/1000559258,50.0,50.0,50.0,50.0,100.0,50.0,50.0,50.0,50.0
C004,밀크팜747,밀크팜74.7,경기 용인시 처인구 명지로 24,37.23397204695048,127.18802266757662,100.0,60.0,100,96.0,1.0,96.0,1,카공 성지,0.0,187.0,10:30 ~ 21:00,103,1,http://place.map.kakao.com/554559796,https://map.naver.com/p/entry/place/1070270722,50.0,50.0,50.0,50.0,50.0,100.0,50.0,50.0,50.0
C029,커피인류 용인역북점,커피인류 용인역북점,경기 용인시 처인구 명지로40번길 9,37.232290657215,127.187478714926,100.0,60.0,100,96.0,1.0,96.0,1,카공 성지,0.0,159.0,08:30 ~ 21:00,218,1,http://place.map.kakao.com/773594471,https://map.naver.com/p/entry/place/1999017894,50.0,50.0,50.0,50.0,100.0,50.0,50.0,50.0,50.0
C030,지니어스,카페지니어스,경기 용인시 처인구 명지로60번길 8-14,37.2322176966652,127.188031833694,100.0,60.0,100,96.0,1.0,96.0,1,카공 성지,0.0,726.0,10:00 ~ 24:00,242,6,http://place.map.kakao.com/1669474999,https://map.naver.com/p/entry/place/1079357919,50.0,100.0,50.0,50.0,100.0,50.0,50.0,50.0,50.0
C036,레드버튼 용인역북점,보드게임카페 레드버튼 용인역북점,경기 용인시 처인구 명지로60번길 8-10,37.2316043176196,127.187884943811,100.0,60.0,85,93.75,1.0,93.75,1,카공 성지,0.0,488.0,13:00 ~ 24:00,302,2,http://place.map.kakao.com/71306187,https://map.naver.com/p/entry/place/1438947731,100.0,50.0,50.0,50.0,100.0,50.0,50.0,50.0,50.0
C071,메가MGC커피 명지대역점,메가MGC커피 명지대역점,경기 용인시 처인구 중부대로1299번길 13,37.2374831343718,127.189333027645,100.0,60.0,85,93.75,1.0,93.75,1,카공 성지,0.0,918.0,07:00 ~ 23:00,424,4,http://place.map.kakao.com/2001539738,https://map.naver.com/p/entry/place/1018385169,100.0,50.0,50.0,50.0,50.0,100.0,50.0,50.0,50.0
C007,브라운리퀴드,브라운리퀴드,경기 용인시 처인구 명지로16번길 9-11,37.233258918252,127.187138535349,88.89,95.2,100,91.19,1.0,91.19,1,카공 성지,4.76,189.0,10:00 ~ 21:00,107,4,http://place.map.kakao.com/95154498,https://map.naver.com/p/entry/place/1224940488,50.0,50.0,50.0,100.0,50.0,50.0,50.0,50.0,50.0
C065,처인재,처인재,경기 용인시 처인구 용인대학로 86-1,37.2314619808069,127.174313676027,100.0,60.0,65,90.75,1.0,90.75,1,카공 성지,0.0,172.0,08:30 ~ 21:00,1155,5,http://place.map.kakao.com/469922132,https://map.naver.com/p/entry/place/2008820163,50.0,50.0,50.0,100.0,100.0,100.0,50.0,50.0,50.0
C069,트리아농,트리아농,경기 용인시 처인구 삼가로 20,37.245590984817,127.166366472063,100.0,84.4,45,90.19,1.0,90.19,1,카공 성지,4.22,93.0,10:00 ~ 18:00,2215,1,http://place.map.kakao.com/59600861,https://map.naver.com/p/entry/place/37191645,50.0,50.0,50.0,100.0,50.0,50.0,50.0,50.0,50.0
C078,카페다 용인시청점,카페다 용인시청점,경기 용인시 처인구 지삼로 484,37.2365576877338,127.156695438559,100.0,83.8,45,90.13,0.99,89.05,1,추천,4.19,48.0,,2687,3,http://place.map.kakao.com/945119254,https://map.naver.com/p/entry/place/37378849,100.0,50.0,50.0,100.0,50.0,50.0,50.0,50.0,50.0
C061,메가MGC커피 삼가역점,메가MGC커피 삼가역점,경기 용인시 처인구 지삼로 612,37.24150098220508,127.16839400954692,100.0,60.0,45,87.75,1.0,87.75,1,추천,0.0,281.0,08:00 ~ 22:00,1828,2,http://place.map.kakao.com/61284016,https://map.naver.com/p/entry/place/1342574627,100.0,50.0,50.0,50.0,100.0,50.0,50.0,50.0,50.0
C087,메가 MGC커피 용인상하쌍용점,메가MGC커피 용인상하쌍용점,경기 용인시 기흥구 중부대로 783,37.25867489137893,127.14302453082522,100.0,60.0,45,87.75,1.0,87.75,1,추천,0.0,93.0,08:00 ~ 21:00,4742,3,http://place.map.kakao.com/2047426051,https://map.naver.com/p/entry/place/1646624793,100.0,50.0,50.0,50.0,100.0,50.0,100.0,50.0,50.0
C095,레디쉬드롭,레디쉬드롭커피로스터스,경기 용인시 기흥구 중부대로746번길 7,37.2612458278652,127.139786104609,100.0,60.0,45,87.75,1.0,87.75,1,추천,0.0,197.0,11:00 ~ 21:00,5142,2,http://place.map.kakao.com/2126682816,https://map.naver.com/p/entry/place/1655601903,50.0,100.0,50.0,100.0,50.0,50.0,50.0,50.0,50.0
C063,커피에반하다 용인삼가역점,커피에반하다 용인삼가역점,경기 용인시 처인구 지삼로590번길 9,37.2404795540314,127.166869152063,100.0,60.0,45,87.75,1.0,87.75,1,추천,0.0,121.0,08:00 ~ 20:00,1906,5,http://place.map.kakao.com/25414841,https://map.naver.com/p/entry/place/1049135950,100.0,100.0,50.0,100.0,50.0,50.0,50.0,50.0,50.0
C011,더벤티 용인역북점,더벤티 용인역북점,경기 용인시 처인구 명지로 24,37.23373647219192,127.18827563626373,85.0,60.0,100,84.75,1.0,84.75,1,추천,0.0,515.0,09:00 ~ 21:30,132,7,http://place.map.kakao.com/42356985,https://map.naver.com/p/entry/place/1482036986,100.0,50.0,50.0,100.0,50.0,50.0,50.0,50.0,50.0
C099,카페봄,카페봄,경기 용인시 기흥구 중부대로746번길 66-10,37.2586061513567,127.134005061899,100.0,60.0,45,87.75,0.96,84.06,1,추천,0.0,43.0,11:00 ~ 21:00,5412,7,http://place.map.kakao.com/796918104,https://map.naver.com/p/entry/place/2094292442,100.0,50.0,50.0,100.0,100.0,50.0,50.0,50.0,50.0
C042,우노커피랩,우노커피랩,경기 용인시 처인구 중부대로1299번길 2,37.2366322593139,127.189513465313,100.0,60.0,85,93.75,0.86,80.25,1,추천,0.0,26.0,,356,7,http://place.map.kakao.com/1300222763,https://map.naver.com/p/entry/place/2040177290,50.0,50.0,50.0,100.0,50.0,100.0,50.0,50.0,50.0
C075,베이크카페,베이크로,경기 용인시 처인구 금학로 237,37.2383603784374,127.19012861144326,80.0,60.0,85,78.75,1.0,78.75,1,추천,0.0,109.0,10:00 ~ 18:00,544,2,http://place.map.kakao.com/1459966598,https://map.naver.com/p/entry/place/1336880171,50.0,50.0,50.0,50.0,100.0,50.0,50.0,50.0,50.0
C080,디어도터,디어도터,경기 용인시 처인구 지삼로470번길 4-3,37.23512825880559,127.15697533862232,100.0,60.0,45,87.75,0.86,75.64,1,추천,0.0,27.0,09:00 ~ 20:00,2651,4,http://place.map.kakao.com/2044616307,https://map.naver.com/p/entry/place/1428817371,50.0,50.0,50.0,100.0,100.0,50.0,50.0,50.0,50.0
C089,달달하당,달달하당,경기 용인시 기흥구 중부대로788번길 13,37.25711332867929,127.14157192960457,77.78,90.8,45,74.16,1.0,74.16,1,추천,4.54,162.0,10:00 ~ 20:00,4753,3,http://place.map.kakao.com/254405360,https://map.naver.com/p/entry/place/1987582886,50.0,50.0,50.0,100.0,50.0,50.0,50.0,0.0,50.0
C054,폴바셋 용인시청DT점,폴 바셋 용인시청 DT점,경기 용인시 처인구 중부대로 1139,37.2405552145674,127.171927326909,70.83,60.0,45,65.88,1.0,65.88,0,보통,0.0,1455.0,08:00 ~ 22:00,1502,5,http://place.map.kakao.com/1192013944,https://map.naver.com/p/entry/place/1574828301,50.0,50.0,50.0,100.0,50.0,50.0,50.0,0.0,50.0
C088,피크닉제이,피크닉제이,경기 용인시 기흥구 중부대로788번길 13,37.25693740998571,127.14175196063736,90.91,60.0,45,80.93,0.8,64.42,0,보통,0.0,16.0,10:30 ~ 18:30,4729,5,http://place.map.kakao.com/472428337,https://map.naver.com/p/entry/place/1499668433,0.0,100.0,50.0,50.0,100.0,50.0,100.0,50.0,50.0
C074,카페명암,카페명암,경기 용인시 처인구 중부대로1299번길 12,37.23716443914291,127.18972441140382,60.0,60.0,85,63.75,1.0,63.75,0,보통,0.0,118.0,,414,2,http://place.map.kakao.com/63381879,https://map.naver.com/p/entry/place/1439471869,50.0,50.0,50.0,50.0,100.0,0.0,50.0,50.0,50.0
C008,달다미로,달다미로,경기 용인시 처인구 명지로16번길 26,37.23512586862744,127.18657743306396,50.0,100.0,100,62.5,1.0,62.5,0,보통,5.0,208.0,12:30 ~ 19:00,107,3,http://place.map.kakao.com/636039494,https://map.naver.com/p/entry/place/1480248650,100.0,50.0,50.0,50.0,50.0,50.0,50.0,50.0,50.0
C015,컴포즈커피 용인명지대점,컴포즈커피 용인명지대점,경기 용인시 처인구 명지로40번길 16,37.23271485794658,127.1870301361,50.0,92.6,100,61.76,1.0,61.76,0,보통,4.63,992.0,09:00 ~ 18:00,166,1,http://place.map.kakao.com/732862533,https://map.naver.com/p/entry/place/1183157490,50.0,50.0,50.0,50.0,50.0,50.0,50.0,50.0,50.0
C025,설빙 경기용인역북점,설빙 용인역북점,경기 용인시 처인구 명지로40번길 4,37.23265360954966,127.188153493359,50.0,91.8,100,61.68,1.0,61.68,0,보통,4.59,1325.0,11:00 ~ 23:00,205,0,http://place.map.kakao.com/789625125,https://map.naver.com/p/entry/place/1067407907,50.0,50.0,50.0,50.0,50.0,50.0,50.0,50.0,50.0
C021,딸기가좋아 용인점,딸기가좋아 용인점,경기 용인시 처인구 중부대로 1294,37.23547363952967,127.18830587562697,50.0,90.0,100,61.5,1.0,61.5,0,보통,4.5,1456.0,11:00 ~ 20:00,189,2,http://place.map.kakao.com/701653960,https://map.naver.com/p/entry/place/1184699820,100.0,50.0,50.0,50.0,50.0,50.0,50.0,50.0,50.0
C018,러블리파이마카롱,러블리 파이 마카롱,경기 용인시 처인구 명지로40번길 10,37.23266283398739,127.18745033732498,50.0,86.8,100,61.18,1.0,61.18,0,보통,4.34,371.0,10:30 ~ 22:00,178,2,http://place.map.kakao.com/2099620703,https://map.naver.com/p/entry/place/1204840219,100.0,50.0,50.0,50.0,50.0,50.0,50.0,50.0,50.0
C031,빽다방 용인역북남부점,빽다방 용인역북남부점,경기 용인시 처인구 명지로60번길 8-13,37.23193742903877,127.1874902359992,50.0,86.0,100,61.1,1.0,61.1,0,보통,4.3,1800.0,08:00 ~ 23:00,257,1,http://place.map.kakao.com/1578769976,https://map.naver.com/p/entry/place/1431723367,100.0,50.0,50.0,50.0,50.0,50.0,50.0,50.0,50.0
C037,메가MGC커피 용인역북점,메가MGC커피 용인역북점,경기 용인시 처인구 명지로60번길 8-10,37.23157833573763,127.1877913488654,50.0,88.6,85,59.11,1.0,59.11,0,보통,4.43,1221.0,08:00 ~ 23:00,302,1,http://place.map.kakao.com/2097994252,https://map.naver.com/p/entry/place/1016043923,100.0,50.0,50.0,50.0,50.0,50.0,50.0,50.0,50.0
C039,투썸플레이스 용인역북점,투썸플레이스 용인역북점,경기 용인시 처인구 명지로60번길 8-10,37.2315464989315,127.18798058452845,50.0,88.2,85,59.07,1.0,59.07,0,보통,4.41,1338.0,09:00 ~ 23:00,310,1,http://place.map.kakao.com/401310784,https://map.naver.com/p/entry/place/1042222117,100.0,50.0,50.0,50.0,50.0,50.0,50.0,50.0,50.0
C026,클라드커피,클라드커피,경기 용인시 처인구 명지로 15-4,37.2344358858158,127.189279203583,50.0,60.0,100,58.5,1.0,58.5,0,보통,0.0,118.0,11:00 ~ 20:00,212,4,http://place.map.kakao.com/1239243025,https://map.naver.com/p/entry/place/1299081119,50.0,50.0,50.0,50.0,50.0,50.0,50.0,50.0,50.0
C013,요거트월드 역북점,요거트월드 역북점,경기 용인시 처인구 명지로40번길 16,37.232823919623,127.187007867661,50.0,60.0,100,58.5,1.0,58.5,0,보통,0.0,63.0,11:00 ~ 01:00,153,1,http://place.map.kakao.com/131712545,https://map.naver.com/p/entry/place/1787771281,100.0,50.0,50.0,50.0,50.0,50.0,50.0,50.0,50.0
C035,하이오커피 용인역북점,하이오커피 용인역북점,경기 용인시 처인구 명지로60번길 8-10,37.23156768935887,127.18768652326754,50.0,60.0,85,56.25,1.0,56.25,0,보통,0.0,286.0,08:00 ~ 23:00,301,1,http://place.map.kakao.com/83644267,https://map.naver.com/p/entry/place/1161417048,100.0,50.0,50.0,50.0,50.0,50.0,50.0,50.0,50.0
C040,욤카페 역북점,욤카페 역북점,경기 용인시 처인구 명지로40번길 15-15,37.2312916983992,127.186717858743,50.0,60.0,85,56.25,1.0,56.25,0,보통,0.0,87.0,,324,1,http://place.map.kakao.com/986596721,https://map.naver.com/p/entry/place/1442164514,100.0,50.0,50.0,50.0,50.0,50.0,50.0,50.0,50.0
C070,유베이크샵,유베이크샵,경기 용인시 처인구 용문로 30-5,37.2376635065407,127.189230925051,50.0,60.0,85,56.25,1.0,56.25,0,보통,0.0,305.0,11:00 ~ 18:30,437,0,http://place.map.kakao.com/185940710,https://map.naver.com/p/entry/place/1700132111,50.0,50.0,50.0,50.0,50.0,50.0,50.0,50.0,50.0
C066,카페586,카페586,경기 용인시 처인구 지삼로 586,37.240676095967935,127.16550365043936,50.0,94.2,45,53.67,1.0,53.67,0,보통,4.71,130.0,11:00 ~ 20:00,2026,0,http://place.map.kakao.com/2137037027,https://map.naver.com/p/entry/place/1688125276,50.0,50.0,50.0,50.0,50.0,50.0,50.0,50.0,50.0
C064,궁촌커피로스터즈,궁촌커피로스터즈,경기 용인시 처인구 지삼로590번길 10,37.24004234374769,127.16637343544916,50.0,90.4,45,53.29,1.0,53.29,0,보통,4.52,288.0,09:00 ~ 19:00,1930,0,http://place.map.kakao.com/5283314,https://map.naver.com/p/entry/place/1210281462,50.0,50.0,50.0,50.0,50.0,50.0,50.0,50.0,50.0
C047,도노커피 용인시청점,도노커피 용인시청점,경기 용인시 처인구 중부대로 1199,37.24101944716104,127.1778959202865,50.0,60.0,65,53.25,1.0,53.25,0,보통,0.0,282.0,08:30 ~ 17:30,1100,1,http://place.map.kakao.com/735180,https://map.naver.com/p/entry/place/1071564020,100.0,50.0,50.0,50.0,50.0,50.0,50.0,50.0,50.0
C072,카페라딘,카페라딘,경기 용인시 처인구 지삼로 563,37.2407329949409,127.163461632971,50.0,89.4,45,53.19,1.0,53.19,0,보통,4.47,602.0,10:00 ~ 21:00,2198,1,http://place.map.kakao.com/922202387,https://map.naver.com/p/entry/place/1220325968,50.0,50.0,50.0,50.0,50.0,50.0,50.0,50.0,50.0
C005,홀홀베이크샵,홀홀베이크샵,경기 용인시 처인구 명지로 24,37.2339720469395,127.188022667575,50.0,60.0,100,58.5,0.9,52.88,0,보통,0.0,34.0,12:00 ~ 21:00,103,0,http://place.map.kakao.com/189776326,https://map.naver.com/p/entry/place/2025484015,50.0,50.0,50.0,50.0,50.0,50.0,50.0,50.0,50.0
C059,그카페그커피,그 카페 그 커피,경기 용인시 처인구 중부대로 1113-10,37.2417512234205,127.169830396057,50.0,60.0,45,50.25,1.0,50.25,0,보통,0.0,118.0,10:00 ~ 17:00,1729,0,http://place.map.kakao.com/366346965,https://map.naver.com/p/entry/place/1950683474,50.0,50.0,50.0,50.0,50.0,50.0,50.0,50.0,50.0
C091,컴포즈커피 용인상하점,컴포즈커피 용인상하점,경기 용인시 기흥구 중부대로788번길 16,37.25776440471101,127.14113351514196,50.0,60.0,45,50.25,1.0,50.25,0,보통,0.0,676.0,08:30 ~ 21:00,4825,0,http://place.map.kakao.com/61697995,https://map.naver.com/p/entry/place/1660770367,50.0,50.0,50.0,50.0,50.0,50.0,50.0,50.0,50.0
C060,카페 오굿,카페 오굿,경기 용인시 처인구 중부대로 1110-1,37.24124603273586,127.1689941426587,50.0,60.0,45,50.25,1.0,50.25,0,보통,0.0,112.0,08:30 ~ 21:30,1768,1,http://place.map.kakao.com/166605907,https://map.naver.com/p/entry/place/1213027633,100.0,50.0,50.0,50.0,50.0,50.0,50.0,50.0,50.0
C079,안녕마루,"안녕,마루",경기 용인시 처인구 지삼로 477,37.2362145957173,127.155856283056,50.0,60.0,45,50.25,1.0,50.25,0,보통,0.0,948.0,11:00 ~ 21:00,2757,2,http://place.map.kakao.com/1391702928,https://map.naver.com/p/entry/place/1885770221,100.0,50.0,50.0,50.0,50.0,50.0,50.0,50.0,50.0
C085,컴포즈커피 용인초당점,컴포즈커피 용인초당점,경기 용인시 기흥구 동백중앙로 55,37.26116437312856,127.16198728422772,50.0,60.0,45,50.25,1.0,50.25,0,보통,0.0,53.0,07:30 ~ 20:00,3722,2,http://place.map.kakao.com/586514981,https://map.naver.com/p/entry/place/1259903676,100.0,50.0,50.0,50.0,50.0,50.0,50.0,50.0,50.0
C032,우지커피 용인역북점,우지커피 용인역북점,경기 용인시 처인구 명지로60번길 8-13,37.2319151294614,127.187347067247,50.0,60.0,100,58.5,0.84,49.37,0,비추천,0.0,24.0,08:00 ~ 22:00,257,2,http://place.map.kakao.com/2081039363,https://map.naver.com/p/entry/place/2074674579,100.0,50.0,50.0,50.0,50.0,50.0,50.0,50.0,50.0
C077,와그와그컴퍼니,와그와그컴퍼니,경기 용인시 기흥구 동백죽전대로175번길 17,37.2569023479531,127.160735927331,50.0,60.0,45,50.25,0.92,46.33,0,비추천,0.0,37.0,11:00 ~ 22:00,3426,0,http://place.map.kakao.com/102070006,https://map.naver.com/p/entry/place/1455012300,50.0,50.0,50.0,50.0,50.0,50.0,50.0,50.0,50.0
C028,메가번 용인역북점,메가번 용인역북점,경기 용인시 처인구 명지로40번길 9,37.23228922771653,127.18724319267169,50.0,60.0,100,58.5,0.79,46.21,0,비추천,0.0,15.0,10:00 ~ 23:00,215,1,http://place.map.kakao.com/1531416555,https://map.naver.com/p/entry/place/2081597006,100.0,50.0,50.0,50.0,50.0,50.0,50.0,50.0,50.0
C044,그레이핍플 역북점,그레이핍플 용인역북점,경기 용인시 처인구 명지로60번길 8-4,37.2309494475099,127.187764998193,50.0,60.0,85,56.25,0.8,44.77,0,비추천,0.0,16.0,09:00 ~ 20:00,369,4,http://place.map.kakao.com/297118119,https://map.naver.com/p/entry/place/2095878008,100.0,50.0,100.0,50.0,50.0,50.0,50.0,50.0,50.0
C006,달롱도르요거트아이스크림 역북점,달롱도르 요거트 아이스크림 역북점,경기 용인시 처인구 명지로 24,37.2339720469395,127.188022667575,50.0,60.0,100,58.5,0.74,43.06,0,비추천,0.0,6.0,16:00 ~ 02:00,103,1,http://place.map.kakao.com/2082218328,https://map.naver.com/p/entry/place/1889295145,100.0,50.0,50.0,50.0,50.0,50.0,50.0,50.0,50.0
C052,아이갓에브리씽 용인교육지원청점,아이갓에브리씽 용인교육지원청점,경기 용인시 처인구 중부대로1161번길 69,37.2425997990649,127.179738959663,50.0,60.0,65,53.25,0.75,39.83,0,비추천,0.0,8.0,08:00 ~ 17:00,1129,0,http://place.map.kakao.com/311652531,https://map.naver.com/p/entry/place/1605546979,50.0,50.0,50.0,50.0,50.0,50.0,50.0,50.0,50.0
C058,길과사람,길과사람,경기 용인시 처인구 중부대로 1124-1,37.2405502669698,127.170363029899,50.0,60.0,45,50.25,0.79,39.7,0,비추천,0.0,15.0,,1625,0,http://place.map.kakao.com/601922991,https://map.naver.com/p/entry/place/1117349442,50.0,50.0,50.0,50.0,50.0,50.0,50.0,50.0,50.0
C083,커스텀커피 중동직영점,커스텀커피 중동직영점,경기 용인시 기흥구 동백중앙로 53-19,37.2602464708162,127.160473608407,30.0,88.0,45,38.05,1.0,38.05,0,비추천,4.4,425.0,09:30 ~ 18:00,3723,2,http://place.map.kakao.com/1274773574,https://map.naver.com/p/entry/place/1029186063,50.0,50.0,50.0,0.0,100.0,50.0,50.0,50.0,50.0
C096,카페베레카,카페베레카 용인상하점,경기 용인시 기흥구 중부대로746번길 8,37.2615704934475,127.139539821406,50.0,60.0,45,50.25,0.74,36.98,0,비추천,0.0,6.0,10:30 ~ 20:00,5180,0,http://place.map.kakao.com/25147607,https://map.naver.com/p/entry/place/1162393198,50.0,50.0,50.0,50.0,50.0,50.0,50.0,50.0,50.0
C017,공차 용인역북점,공차 용인역북점,경기 용인시 처인구 명지로16번길 9-23,37.2330994821016,127.188244753013,0.0,88.8,100,23.88,1.0,23.88,0,비추천,4.44,1628.0,10:00 ~ 22:00,171,3,http://place.map.kakao.com/560353,https://map.naver.com/p/entry/place/1742653002,50.0,50.0,100.0,0.0,50.0,50.0,50.0,50.0,50.0
C041,카페요시,카페요시,경기 용인시 처인구 명지로40번길 15-15,37.2312881297596,127.186695312565,0.0,85.2,85,21.27,1.0,21.27,0,비추천,4.26,164.0,12:20 ~ 21:00,324,5,http://place.map.kakao.com/598632395,https://map.naver.com/p/entry/place/1597462090,100.0,50.0,50.0,50.0,0.0,50.0,50.0,50.0,50.0
C051,애플하우스,애플하우스,경기 용인시 처인구 금학로 155,37.2403757626326,127.181091718743,0.0,86.6,65,18.41,1.0,18.41,0,비추천,4.33,653.0,10:00 ~ 21:00,858,2,http://place.map.kakao.com/18341425,https://map.naver.com/p/entry/place/31378381,50.0,50.0,50.0,50.0,0.0,50.0,50.0,50.0,50.0
